zipcode,client_score
98119,4.233695652173913
98116,4.203030303030303
98109,4.192660550458716
98144,4.131195335276968
98105,4.126637554585153
