zipcode,client_score
98039,3.6
98070,3.5213675213675213
98022,3.4463519313304722
98024,3.3125
98075,3.2924791086350975
